chunking,retrieval,reranker,context_recall,context_precision,faithfulness,answer_correctness
semantic,similarity,3,0.3333333333333333,0.5277777777347222,0.8333333333333334,
semantic,similarity,3,0.3333333333333333,0.5277777777347222,0.8333333333333334,
fixed,similarity,3,0.6666666666666666,0.8611111110347222,1.0,0.6816898655738831
semantic,similarity,3,0.3333333333333333,0.5277777777347222,0.8333333333333334,
fixed,similarity,3,0.6666666666666666,0.8611111110347222,1.0,0.6816898655738831
